image,method,runtime_ms,mean,std,entropy,avg_gradient,tenengrad,noise_sigma,edge_density
Chest,Original,,0.23292333996687523,0.21969132349132364,6.804373346989456,0.004085719258221127,0.0452483135031931,0.0005573625585402465,0.0005000684617536925
Chest,Histogram equalization,1.3290439965203404,0.5089480722914487,0.2802734631946053,6.590031509725588,0.007578222992996883,0.08328912049779344,0.0015421562836160762,0.031272138447525556
Chest,Spatial (final),14.299366972409189,0.3563448158012217,0.28980146574142285,7.690139950007094,0.007274593676076527,0.08078885299534373,0.0017059314855024678,0.006307411133667109
Chest,Gaussian high-pass,83.83791198139079,0.4999213703167062,0.03964083266114,5.078486798757174,0.009489221821019514,0.10148902192503481,0.002102174807167069,0.03279913321466629
Chest,Fourier HFE (final),96.14571000565775,0.3461217388846884,0.22389787906812014,6.956431110170842,0.008395336272597202,0.09090161761915551,0.001612278991655119,0.021443411895676195
Chest,Homomorphic,85.97418697900139,0.41145956686671475,0.16404692559542697,6.883023140848673,0.009958393860732374,0.10792044409410972,0.0018801039000018189,0.02778951880316948
Chest,Hybrid 1 (sequential),107.16672200942412,0.4079137790490881,0.2993633696072931,7.8229288492124285,0.00923553549373785,0.10318575300713556,0.0013679498298044658,0.015329479631139977
Chest,Hybrid 2 (fusion),111.41215398674831,0.35225559616649527,0.2607829942707346,7.472465522155809,0.007294547548988202,0.08060125960532202,0.0012797981991558626,0.009370330461908476
Skeleton,Original,,0.0811871216128524,0.10918289643791897,5.1091656785965816,0.0038623749402738445,0.04102590740757672,0.0007656728624289972,0.00297253229650069
Skeleton,Histogram equalization,1.4790469722356647,0.5441577451832281,0.23851506985154422,4.949511946539396,0.012462880024843814,0.12568148238672805,0.0037455700533817887,0.057478364480120406
Skeleton,Spatial (final),13.547776994528249,0.2549793022663129,0.20674835678597914,6.494748649379191,0.009923033682413866,0.10267776179236872,0.0014555775785467663,0.02409695221372131
Skeleton,Gaussian high-pass,46.38855697703548,0.5001605544206109,0.02901168573160035,3.9828699067949977,0.005295265296637788,0.05355742511664074,0.001521623823535621,0.011175216355198796
Skeleton,Fourier HFE (final),57.17322800774127,0.13475668497359788,0.07688122290636501,4.905284723917552,0.0056163030820274564,0.057973921660518055,0.0014038836592134558,0.011256741502571178
Skeleton,Homomorphic,52.52368000219576,0.11761831484578955,0.067873463228703,5.018309038956507,0.006821754592709683,0.0680072039682315,0.0015988774185625024,0.01051047284585476
Skeleton,Hybrid 1 (sequential),74.91616599145345,0.30612467409842403,0.20799508771881875,6.937667917146309,0.015944645370907926,0.1678722956051417,0.002255810938570232,0.08580835319202308
Skeleton,Hybrid 2 (fusion),71.25914699281566,0.20689026290813883,0.15242601188929167,6.141250445242802,0.007963953203951223,0.08281194586896172,0.0011386404731968352,0.01664053681173962
