image,method,params,mean,std,entropy,avg_gradient,tenengrad,noise_sigma,edge_density
Chest,spatial,gamma=0.6; clip=1.5,0.413495910251628,0.2857901816416217,7.858842667845822,0.007954312935894657,0.08834147021576406,0.0017727998734597215,0.006655673098102716
Chest,spatial,gamma=0.6; clip=2.0,0.42267368719785364,0.280341380830381,7.886979006988469,0.008514398376503975,0.09464107682903941,0.0018201780111399607,0.010016252225006995
Chest,spatial,gamma=0.6; clip=3.0,0.43496647506548164,0.27101482057789195,7.915586785821132,0.009360524588118181,0.10410467531530762,0.0018904586921336323,0.015332456229126606
Chest,spatial,gamma=0.8; clip=1.5,0.3563448158012217,0.28980146574142285,7.690139950007094,0.007274593676076527,0.08078885299534373,0.0017059314855024678,0.006307411133667109
Chest,spatial,gamma=0.8; clip=2.0,0.3701812850628631,0.28632572561483965,7.746030380665489,0.007795438426493116,0.08663450984563094,0.0017581562454436787,0.008614274573304678
Chest,spatial,gamma=0.8; clip=3.0,0.3910736760064351,0.2788033260035808,7.826557878454459,0.008578253037056683,0.09540057667446356,0.0018360799970741804,0.010989599766634718
Chest,spatial,gamma=1.0; clip=1.5,0.3092329450438675,0.28936305752116315,7.432087313513706,0.006648978272761428,0.07375081744262477,0.001656558648401098,0.005676372360501735
Chest,spatial,gamma=1.0; clip=2.0,0.3225239106767934,0.28867306402549064,7.495037411356269,0.0071074611592760704,0.0789253418469224,0.0016944277117234433,0.007417682182679772
Chest,spatial,gamma=1.0; clip=3.0,0.344119705621265,0.2862850452159198,7.655903504277009,0.007809128002941939,0.0867970548171896,0.001752712228607518,0.010331771611589682
Chest,spatial,gamma=1.2; clip=1.5,0.2733586993536154,0.2841807033434164,7.1405909617636105,0.006143190859878574,0.06804275467395574,0.0015750798233641727,0.005518612667210392
Chest,spatial,gamma=1.2; clip=2.0,0.2861591490622481,0.28613678727156955,7.225232454253377,0.006566905474345576,0.07281427068060958,0.0016253590298945827,0.006965239288712145
Chest,spatial,gamma=1.2; clip=3.0,0.30603091964676776,0.28705657444948,7.4262647175723755,0.007184864150517326,0.07976825481524023,0.0016717459351341707,0.009072670663245564
Chest,fourier_hfe,gaussian D0=0.02,0.42547595739933475,0.19890944339787384,6.861967782251025,0.007733872482656198,0.08437890566698421,0.0013250007689167879,0.01634152294659388
Chest,fourier_hfe,gaussian D0=0.05,0.3478547329994074,0.22535786042527445,6.93505083581675,0.008159902254979236,0.08819107361943812,0.0016097496192628113,0.02104454776546789
Chest,fourier_hfe,gaussian D0=0.1,0.32574212839127825,0.23484352906719708,6.9619833458540175,0.007082149510051886,0.07563994863154902,0.0017069599169327154,0.01365960816064104
Chest,fourier_hfe,butter n=1 D0=0.02,0.42868149723531623,0.20209627081841816,6.906225053744054,0.007498899765369941,0.08182297878417807,0.001290098326669164,0.01426981074790001
Chest,fourier_hfe,butter n=1 D0=0.05,0.364332125967768,0.22145839783140658,6.91505858144554,0.007833760876739192,0.08475738674314107,0.0015573989808025743,0.019258588973490417
Chest,fourier_hfe,butter n=1 D0=0.1,0.3291549861925364,0.23385613141135783,6.949937553718252,0.007177892286801263,0.07703951889377145,0.0016657308388207733,0.013972150949237098
Chest,fourier_hfe,butter n=2 D0=0.02,0.43809873121041965,0.19215398699009562,6.887374816016046,0.007740066920075951,0.08452825912918553,0.0013097497227644258,0.015415800972752223
Chest,fourier_hfe,butter n=2 D0=0.05,0.3461217388846884,0.22389787906812014,6.956431110170842,0.008395336272597202,0.09090161761915551,0.001612278991655119,0.021443411895676195
Chest,fourier_hfe,butter n=2 D0=0.1,0.31932192665294146,0.23624253169467618,6.985256792169727,0.0074873674590135,0.08013260114555232,0.0017188972812655961,0.016734433880828924
Chest,fourier_hfe,butter n=4 D0=0.02,0.430299566652555,0.18916307577486094,6.920819592347385,0.007778505651967225,0.08501309478049195,0.001303043025453513,0.01613613768551647
Chest,fourier_hfe,butter n=4 D0=0.05,0.3438817717098063,0.2241150378504552,6.969065237457962,0.008595791257715145,0.09318403728991889,0.0016165137937011976,0.02179762705608506
Chest,fourier_hfe,butter n=4 D0=0.1,0.3278291200436291,0.23299732784537278,6.965622251699292,0.007587855698366521,0.08124133154785651,0.0016963928965879295,0.017035070277478463
Chest,hybrid1,alpha=0.7,0.3884157194049717,0.29423974900188615,7.780576526566833,0.00866563248506196,0.09682664234053157,0.001218049322652332,0.013153586502914089
Chest,hybrid1,alpha=0.8,0.4079137790490881,0.2993633696072931,7.8229288492124285,0.00923553549373785,0.10318575300713556,0.0013679498298044658,0.015329479631139977
Chest,hybrid1,alpha=0.9,0.42741181100399067,0.30482418836538777,7.855804068336278,0.009813952606054815,0.1096211229825527,0.0015197113603773987,0.017374402447954185
Chest,hybrid2,w=0.5,0.35123327733584303,0.2540095134743166,7.403577534488387,0.007386798339989576,0.0814078113163033,0.0012709662297266005,0.010715752751864838
Chest,hybrid2,w=0.6,0.35225559616649527,0.2607829942707346,7.472465522155809,0.007294547548988202,0.08060125960532202,0.0012797981991558626,0.009370330461908476
Chest,hybrid2,w=0.7,0.3532778931386536,0.2677641449531092,7.532638613023253,0.00723694433481855,0.08013680318908833,0.0013423284052290305,0.008194574257189972
Skeleton,spatial,gamma=0.6; clip=1.5,0.2549793022663129,0.20674835678597914,6.494748649379191,0.009923033682413866,0.10267776179236872,0.0014555775785467663,0.02409695221372131
Skeleton,spatial,gamma=0.6; clip=2.0,0.2621026298909356,0.2120787781777705,6.596486442517148,0.01068114701402731,0.1106785694808709,0.0015091668318241477,0.0288285463439107
Skeleton,spatial,gamma=0.6; clip=3.0,0.2772948554212212,0.2236802793686592,6.612442152926643,0.012022372534232618,0.12487513342496878,0.0016475936799413683,0.03768970274677035
Skeleton,spatial,gamma=0.8; clip=1.5,0.20383731788901693,0.19831642559314014,6.327714181391923,0.00916487523849645,0.09557271835849689,0.001401406791149643,0.019719678916342655
Skeleton,spatial,gamma=0.8; clip=2.0,0.21629019537514704,0.2049323500416806,6.394286554996032,0.00996329434301895,0.10392928899965946,0.0014641362360689962,0.0261382164806221
Skeleton,spatial,gamma=0.8; clip=3.0,0.23888487447588677,0.2190308434996027,6.534720076438527,0.011373128256571526,0.11881100115040447,0.0015897491481999696,0.03481437351059827
Skeleton,spatial,gamma=1.0; clip=1.5,0.17342570556266404,0.18774985458320317,6.139923341455204,0.008520606525273118,0.08933928567642313,0.001373297606365656,0.019961118775868557
Skeleton,spatial,gamma=1.0; clip=2.0,0.18856608960459653,0.19599632418129245,6.239287582063088,0.00936566822391131,0.09818825118507846,0.0014403922457451863,0.02288975291609181
Skeleton,spatial,gamma=1.0; clip=3.0,0.21611924617652073,0.21218643783459334,6.492070873489327,0.010854965996474533,0.113856900139471,0.0015646061391050758,0.03259751661858774
Skeleton,spatial,gamma=1.2; clip=1.5,0.15162975980571147,0.17899574799463985,6.165511014077873,0.007929715503393185,0.08364543277300068,0.0013501189713284742,0.018340022576194655
Skeleton,spatial,gamma=1.2; clip=2.0,0.1685012942048583,0.1880887926745929,6.107632124344955,0.00881309752433204,0.09282876822550755,0.0014034305257258658,0.021638655462184873
Skeleton,spatial,gamma=1.2; clip=3.0,0.1989701408758948,0.20595603014036004,6.465005898117981,0.010361496585160971,0.10911943355187348,0.0015402108151289554,0.03092311551486266
Skeleton,fourier_hfe,gaussian D0=0.02,0.14479861358355364,0.06728026851885516,4.896205442751777,0.0047001552920921535,0.04936524993417677,0.0010157538132414944,0.006685062084535307
Skeleton,fourier_hfe,gaussian D0=0.05,0.12518443712396973,0.08107153537642446,4.960100241314159,0.0056798227799379035,0.058334297022078395,0.0014768534271843003,0.011187758685563778
Skeleton,fourier_hfe,gaussian D0=0.1,0.10477715414278618,0.09283136649204785,5.073055487779386,0.00572126011340461,0.05711828910253859,0.0018088980553844047,0.011501316944688323
Skeleton,fourier_hfe,butter n=1 D0=0.02,0.17309016130552493,0.06853939826373366,4.945866187661506,0.004532552671644396,0.04753758213012705,0.0009957929137734912,0.006114386052928634
Skeleton,fourier_hfe,butter n=1 D0=0.05,0.12350555425346277,0.07857950939128108,4.937673555651319,0.005356290993537411,0.05515088661269547,0.0013807808152767088,0.009732848363225887
Skeleton,fourier_hfe,butter n=1 D0=0.1,0.10200907406082106,0.09165353826599913,5.0570503064650545,0.005674876314069802,0.05718784094276499,0.0017256006249949905,0.01137275805844726
Skeleton,fourier_hfe,butter n=2 D0=0.02,0.15878649441371095,0.0639252446516872,4.888238516531038,0.004533678807117858,0.047733076376430025,0.0009571449440859884,0.006167690956979807
Skeleton,fourier_hfe,butter n=2 D0=0.05,0.13475668497359788,0.07688122290636501,4.905284723917552,0.0056163030820274564,0.057973921660518055,0.0014038836592134558,0.011256741502571178
Skeleton,fourier_hfe,butter n=2 D0=0.1,0.10627814259092686,0.09041544407271876,5.072356337255319,0.005777199779902171,0.0578965786846541,0.0017749016177442572,0.011733350056440486
Skeleton,fourier_hfe,butter n=4 D0=0.02,0.15059400446818302,0.062309451008398783,4.9512853227433835,0.004516350516914313,0.04764386620990505,0.0009342603084072931,0.005898030854132698
Skeleton,fourier_hfe,butter n=4 D0=0.05,0.1528365451072012,0.07585828781951694,5.093681383958477,0.005708610073029328,0.05910072110660252,0.0013906663912961312,0.011030979556001505
Skeleton,fourier_hfe,butter n=4 D0=0.1,0.10570787291345438,0.09009842458112124,5.074538422068504,0.005839795452049248,0.05853259481706203,0.0017806232451422425,0.012266399096952214
Skeleton,hybrid1,alpha=0.7,0.28366332769811853,0.20091496572376152,6.880696914094617,0.014653473214037744,0.1544165861001442,0.0020692710218856232,0.07600965759438104
Skeleton,hybrid1,alpha=0.8,0.30612467409842403,0.20799508771881875,6.937667917146309,0.015944645370907926,0.1678722956051417,0.002255810938570232,0.08580835319202308
Skeleton,hybrid1,alpha=0.9,0.32858600354425593,0.21549797058424572,7.075703511309842,0.017240394624126396,0.1813680253829235,0.0024497958865703027,0.09669196036623605
Skeleton,hybrid2,w=0.5,0.19486799361138685,0.13910861773870803,5.8931218551865205,0.007508668962078129,0.0781306264071375,0.0011191701635958756,0.01552426940925624
Skeleton,hybrid2,w=0.6,0.20689026290813883,0.15242601188929167,6.141250445242802,0.007963953203951223,0.08281194586896172,0.0011386404731968352,0.01664053681173962
Skeleton,hybrid2,w=0.7,0.2189125164257978,0.16587433300786866,6.2448226982612125,0.008434987324910567,0.08762280470557346,0.0011833372567387772,0.016947823905681676
